{
  "minecraft": {
    "furnace": true,
    "chicken_egg": true,
    "jukebox": true,
    "brewing_stand": true,
    "animal_owner": true,
    "note_block": true,
    "beehive": true,
    "block_inventory": true,
    "player_head": true,
    "block_states": false,
    "lectern": true,
    "effective_tool": true,
    "entity_armor": true,
    "harvest_tool": true,
    "armor_stand": true,
    "chested_horse": true,
    "horse_stats": true,
    "item_tooltip": true,
    "entity_health": true,
    "breaking_progress": true,
    "enchantment_power": true,
    "tnt_stability": true,
    "villager_profession": true,
    "mob_breeding": true,
    "item_frame": true,
    "crop_progress": true,
    "total_enchantment_power": true,
    "potion_effects": true,
    "command_block": true,
    "mob_growth": true,
    "painting": true,
    "harvest_tool_new_line": false,
    "mob_spawner": true,
    "redstone": true
  },
  "jade": {
    "registry_name": false,
    "mod_name": true
  },
  "create": {
    "contraption_inv": true,
    "blaze_burner": true,
    "crafting_blueprint": true,
    "exact_block": true,
    "placard": true
  }
}